-- Capstone Project: Step 3 - DML (UUID CONVERTED)

-- 1. Populate Customers (Prefix: a000...)
INSERT INTO customers (customer_id, full_name, email, phone, shipping_address, city, country) VALUES
('a0000000-0000-0000-0000-000000000001', 'Kwame Mensah', 'kwamemensah@gmail.com', '055-210-9831', '12 Ashongman Rd', 'Accra', 'Ghana'),
('a0000000-0000-0000-0000-000000000002', 'Akosua Serwaa', 'akosua.serwaa@gmail.com', '024-889-1123', '44 Aboabo Street', 'Kumasi', 'Ghana'),
('a0000000-0000-0000-0000-000000000003', 'Yaw Boakye', 'yawboakye12@gmail.com', '020-771-4521', '7 Beach Drive', 'Takoradi', 'Ghana'),
('a0000000-0000-0000-0000-000000000004', 'Abena Konadu', 'konaduabena@gmail.com', '059-331-2210', '18 Odeneho Lane', 'Sunyani', 'Ghana'),
('a0000000-0000-0000-0000-000000000005', 'Kojo Amankwah', 'amankwahkojo@gmail.com', '027-620-4457', '90 Ridge Avenue', 'Cape Coast', 'Ghana'),
('a0000000-0000-0000-0000-000000000006', 'Nana Adjei', 'nanaadjei77@gmail.com', '026-880-1420', '55 Stadium Road', 'Koforidua', 'Ghana'),
('a0000000-0000-0000-0000-000000000007', 'Efua Hammond', 'efuahammond@gmail.com', '050-673-9911', '21 Market Square', 'Sekondi', 'Ghana'),
('a0000000-0000-0000-0000-000000000008', 'Kofi Nyarko', 'kofinyarko23@gmail.com', '054-920-4441', '10 Chapel Hill', 'Takoradi', 'Ghana'),
('a0000000-0000-0000-0000-000000000009', 'Ama Owusu', 'amaowusu99@gmail.com', '024-112-7833', '5 Ashtown Lane', 'Kumasi', 'Ghana'),
('a0000000-0000-0000-0000-000000000010', 'Kojo Antwi', 'kojoantwi@gmail.com', '020-772-1931', '3 Legon Boundary', 'Accra', 'Ghana'),

('a0000000-0000-0000-0000-000000000011', 'Mansa Darko', 'mansadarko@gmail.com', '055-201-4322', '9 Adum Street', 'Kumasi', 'Ghana'),
('a0000000-0000-0000-0000-000000000012', 'Emmanuel Tetteh', 'emmatetteh@gmail.com', '027-551-2101', '49 High Street', 'Accra', 'Ghana'),
('a0000000-0000-0000-0000-000000000013', 'Gifty Agyapong', 'giftyagyapong@gmail.com', '059-330-2982', '66 Central Market Rd', 'Sunyani', 'Ghana'),
('a0000000-0000-0000-0000-000000000014', 'Samuel Ofori', 'samuelofori@gmail.com', '026-743-1780', '22 Asafo Junction', 'Kumasi', 'Ghana'),
('a0000000-0000-0000-0000-000000000015', 'Dora Akua', 'doraakua@gmail.com', '050-918-0011', '78 New Juaben Rd', 'Koforidua', 'Ghana'),
('a0000000-0000-0000-0000-000000000016', 'Justice Dogbe', 'justicedogbe@gmail.com', '024-820-6617', '101 Liberation Road', 'Accra', 'Ghana'),
('a0000000-0000-0000-0000-000000000017', 'Linda Anokye', 'lindaanokye@gmail.com', '020-882-7811', '14 Fante Newtown', 'Kumasi', 'Ghana'),
('a0000000-0000-0000-0000-000000000018', 'Patrick Owusu', 'patrickowusu@gmail.com', '027-400-5511', '5 Kwesimintsim Ave', 'Takoradi', 'Ghana'),
('a0000000-0000-0000-0000-000000000019', 'Naana Essel', 'naanaessel@gmail.com', '054-667-2910', '2 Kotokuraba Street', 'Cape Coast', 'Ghana'),
('a0000000-0000-0000-0000-000000000020', 'Kwesi Debrah', 'kwesidebrah@gmail.com', '059-102-8411', '8 Adisadel Estate', 'Cape Coast', 'Ghana'),
('a0000000-0000-0000-0000-000000000021', 'Sheila Boadu', 'sheilaboadu@gmail.com', '024-778-5532', '11 Asokwa Road', 'Kumasi', 'Ghana'),
('a0000000-0000-0000-0000-000000000022', 'Yaw Asare', 'yawasare88@gmail.com', '055-209-4710', '33 Nungua Barrier', 'Accra', 'Ghana'),
('a0000000-0000-0000-0000-000000000023', 'Kofi Adomako', 'kofiadomako@gmail.com', '050-683-2291', '15 Kasoa Overhead', 'Kasoa', 'Ghana'),
('a0000000-0000-0000-0000-000000000024', 'Rita Osei', 'ritaosei@gmail.com', '059-230-5521', '6 Krofrom Road', 'Kumasi', 'Ghana'),
('a0000000-0000-0000-0000-000000000025', 'Emelia Baah', 'emeliabaah23@gmail.com', '026-740-3990', '47 OLA Street', 'Sunyani', 'Ghana');
('a0000000-0000-0000-0000-000000000026', 'Daniel Gyasi', 'danielgyasi@gmail.com', '020-712-1001', '21 Nkroful Road', 'Takoradi', 'Ghana'),
('a0000000-0000-0000-0000-000000000027', 'Michael Ababio', 'mikeababio@gmail.com', '024-007-5392', '40 Ridge Street', 'Sunyani', 'Ghana'),
('a0000000-0000-0000-0000-000000000028', 'Elsie Adom', 'elsieadom@gmail.com', '5532888888', '16 Bantama High St', 'Kumasi', 'Ghana'),
('a0000000-0000-0000-0000-000000000029', 'Kojo Frempong', 'kojofrempong@gmail.com', '5455555555', '29 A and C Mall Rd', 'Accra', 'Ghana'),
('a0000000-0000-0000-0000-000000000030', 'Sarah Afriyie', 'sarahafriyie@gmail.com', '2733333333', '5 Tanokrom Road', 'Takoradi', 'Ghana'),

('a0000000-0000-0000-0000-000000000031','Dorcas Mireku', 'dorcasmireku@gmail.com', '059-330-4082', '13 Roman Hill', 'Kumasi', 'Ghana'),
('a0000000-0000-0000-0000-000000000032','Isaac Techie', 'isaactechie@gmail.com', '050-213-9191', '18 Tema Station', 'Accra', 'Ghana'),
('a0000000-0000-0000-0000-000000000033','Fred Boamah', 'fredboamah@gmail.com', '020-772-8922', '31 Airport Ridge', 'Takoradi', 'Ghana'),
('a0000000-0000-0000-0000-000000000034','Josephine Oduro', 'josephineoduro@gmail.com', '024-913-7001', '52 Ridge Road', 'Koforidua', 'Ghana'),
('a0000000-0000-0000-0000-000000000035','Kwabena Adu', 'kwabenaadu@gmail.com', '027-600-3312', '19 Adum Roundabout', 'Kumasi', 'Ghana'),

('a0000000-0000-0000-0000-000000000037','Bernard Oppong', 'bernardoppong@gmail.com', '050-681-0041', '6 Suame Magazine', 'Kumasi', 'Ghana'),
('a0000000-0000-0000-0000-000000000038','Cynthia Torgbor', 'cynthiatorgbor@gmail.com', '054-820-5882', '13 Kpong Rd', 'Akosombo', 'Ghana'),

('a0000000-0000-0000-0000-000000000039','Prince Larbi', 'princelarbi@gmail.com', '059-200-1122', '15 Adabraka Road', 'Accra', 'Ghana'),
('a0000000-0000-0000-0000-000000000040','Rebecca Owusu', 'rebeccaowusu@gmail.com', '020-441-9810', '20 Asafo Market', 'Kumasi', 'Ghana'),
('a0000000-0000-0000-0000-000000000041','Benedicta Nyame', 'benedictanyame@gmail.com', '055-330-8821', '93 SSNIT Road', 'Sunyani', 'Ghana'),
('a0000000-0000-0000-0000-000000000042','Samuel Asamoah', 'samasamoah@gmail.com', '024-901-2843', '17 Aboadze Street', 'Takoradi', 'Ghana'),
('a0000000-0000-0000-0000-000000000043','Nana Yaa Opoku', 'nanayaaopoku@gmail.com', '027-730-5100', '28 Ridge Estate', 'Koforidua', 'Ghana'),
('a0000000-0000-0000-0000-000000000044','Joseph Addae', 'josephaddae@gmail.com', '059-713-2009', '61 Kasoa Market', 'Kasoa', 'Ghana'),
('a0000000-0000-0000-0000-000000000045','Eunice Korang', 'eunicekorang@gmail.com', '055-441-2201', '33 Aboabo St', 'Kumasi', 'Ghana'),
('a0000000-0000-0000-0000-000000000046','Francis Amartey', 'francisamartey@gmail.com', '050-112-5002', '10 Abeka Lapaz', 'Accra', 'Ghana'),
('a0000000-0000-0000-0000-000000000047','Mary Takyiwaa', 'marytakyiwaa@gmail.com', '024-330-6782', '14 Tanoso Rd', 'Kumasi', 'Ghana'),
('a0000000-0000-0000-0000-000000000048','Isaac Owuraku', 'isaacowuraku@gmail.com', '027-982-3011', '22 Melcom Road', 'Tamale', 'Ghana'),

('a0000000-0000-0000-0000-000000000049','Esther Donkor', 'estherdonkor@gmail.com', '055-210-1132', '17 Krobo Street', 'Koforidua', 'Ghana'),
('a0000000-0000-0000-0000-000000000050','Bright Aning', 'brightaning@gmail.com', '020-883-1181', '71 Ridge Road', 'Ho', 'Ghana'),
('a0000000-0000-0000-0000-000000000051','Sarah Amoako', 'sarahamoako@gmail.com', '024-310-4481', '12 Fiapre Street', 'Sunyani', 'Ghana'),
('a0000000-0000-0000-0000-000000000052','Kwesi Attah', 'kwesiattah@gmail.com', '059-712-7811', '8 Mallam Junction', 'Accra', 'Ghana'),
('a0000000-0000-0000-0000-000000000053','Diana Addo', 'dianaaddo@gmail.com', '026-771-9150', '4 Ankaful Road', 'Cape Coast', 'Ghana'),
('a0000000-0000-0000-0000-000000000054','Kingsley Otoo', 'kingsleyotoo@gmail.com', '054-112-9931', '16 Tema Comm. 4', 'Tema', 'Ghana'),
('a0000000-0000-0000-0000-000000000055','Bernice Sarpong', 'bernicesarpong@gmail.com', '059-601-2131', '33 Ahodwo Roundabout', 'Kumasi', 'Ghana'),
('a0000000-0000-0000-0000-000000000056','Jonathan Frimpong', 'jonfrimpong@gmail.com', '020-882-5521', '50 GN Bank Road', 'Kasoa', 'Ghana'),
('a0000000-0000-0000-0000-000000000057','Ruth Addai', 'ruthaddai@gmail.com', '024-778-2011', '5 McCarthy Hill', 'Accra', 'Ghana'),
('a0000000-0000-0000-0000-000000000058','Joshua Anane', 'joshuananane@gmail.com', '027-663-4451', '18 Akwatia Line', 'Kumasi', 'Ghana'),

('a0000000-0000-0000-0000-000000000059','Belinda Ansah', 'belindaansah@gmail.com', '055-209-1001', '6 Ministries Road', 'Ho', 'Ghana'),
('a0000000-0000-0000-0000-000000000060','Alex Asiedu', 'alexasiedu@gmail.com', '050-721-5581', '12 Kotoka Street', 'Accra', 'Ghana'),
('a0000000-0000-0000-0000-000000000061','Richmond Asamoah', 'richasamoah@gmail.com', '059-300-9121', '40 Adum Park Rd', 'Kumasi', 'Ghana'),
('a0000000-0000-0000-0000-000000000062','Deborah Adubea', 'deborahadubea@gmail.com', '024-113-2011', '33 Ridge Rd', 'Sunyani', 'Ghana'),
('a0000000-0000-0000-0000-000000000063','Solomon Obeng', 'solomonobeng@gmail.com', '020-773-6781', '13 Essikado St', 'Takoradi', 'Ghana');


-- 2. Populate Products (Prefix: b000...)
INSERT INTO products (product_id, product_name, category, price, description) VALUES
('b0000000-0000-0000-0000-000000000001', 'Laptop', 'Electronics', 1200.00, 'High performance laptop with 16GB RAM'),
('b0000000-0000-0000-0000-000000000002', 'Smartphone', 'Electronics', 850.00, 'Latest model smartphone with AMOLED display'),
('b0000000-0000-0000-0000-000000000003', 'Bluetooth Speaker', 'Electronics', 150.00, 'Portable speaker with deep bass'),
('b0000000-0000-0000-0000-000000000004', 'LED TV 43"', 'Electronics', 2200.00, 'Full HD smart TV with Wi-Fi connectivity'),
('b0000000-0000-0000-0000-000000000005', 'Microwave Oven', 'Home Appliances', 650.00, 'Digital microwave with grill function'),
('b0000000-0000-0000-0000-000000000006', 'Refrigerator', 'Home Appliances', 3200.00, 'Double-door fridge with energy saving'),
('b0000000-0000-0000-0000-000000000007', 'Washing Machine', 'Home Appliances', 2800.00, 'Automatic washing machine, 7kg capacity'),
('b0000000-0000-0000-0000-000000000008', 'Electric Kettle', 'Home Appliances', 120.00, '1.7L stainless steel electric kettle'),
('b0000000-0000-0000-0000-000000000009', 'Air Conditioner', 'Home Appliances', 4100.00, '1.5HP split AC with remote control'),
('b0000000-0000-0000-0000-000000000010', 'Ceiling Fan', 'Home Appliances', 180.00, 'High-speed ceiling fan with 5 blades'),
('b0000000-0000-0000-0000-000000000011', 'Office Chair', 'Furniture', 450.00, 'Ergonomic chair with adjustable height'),
('b0000000-0000-0000-0000-000000000012', 'Study Desk', 'Furniture', 700.00, 'Wooden study desk with drawers'),
('b0000000-0000-0000-0000-000000000013', 'Sofa Set', 'Furniture', 3900.00, '3-piece living room sofa set'),
('b0000000-0000-0000-0000-000000000014', 'Dining Table', 'Furniture', 2100.00, '6-seater dining table made of hardwood'),
('b0000000-0000-0000-0000-000000000015', 'Wardrobe', 'Furniture', 1600.00, '3-door wardrobe with mirror'),
('b0000000-0000-0000-0000-000000000016', 'Bed Frame', 'Furniture', 2300.00, 'Queen size wooden bed frame'),
('b0000000-0000-0000-0000-000000000017', 'Bookshelf', 'Furniture', 550.00, '5-layer wooden bookshelf'),
('b0000000-0000-0000-0000-000000000018', 'TV Stand', 'Furniture', 350.00, 'Modern TV stand with storage compartments'),
('b0000000-0000-0000-0000-000000000019', 'Office Cabinet', 'Furniture', 900.00, 'Steel office cabinet with lock'),
('b0000000-0000-0000-0000-000000000020', 'Mattress 6x4', 'Furniture', 780.00, 'Foam mattress with firm support'),
('b0000000-0000-0000-0000-000000000021', 'Rice Cooker', 'Kitchen Appliance', 260.00, '3L electric rice cooker'),
('b0000000-0000-0000-0000-000000000022', 'Gas Cooker', 'Kitchen Appliance', 950.00, '4-burner gas stove with oven'),
('b0000000-0000-0000-0000-000000000023', 'Blender', 'Kitchen Appliance', 180.00, 'Multi-speed blender with glass jar'),
('b0000000-0000-0000-0000-000000000024', 'Toaster', 'Kitchen Appliance', 95.00, '2-slice toaster with browning control'),
('b0000000-0000-0000-0000-000000000025', 'Cookware Set', 'Kitchen Appliance', 320.00, '10-piece non-stick cookware set'),
('b0000000-0000-0000-0000-000000000026', 'Juicer', 'Kitchen Appliance', 240.00, 'Fruit juicer with stainless steel blades'),
('b0000000-0000-0000-0000-000000000027', 'Deep Fryer', 'Kitchen Appliance', 480.00, 'Electric deep fryer, 3L capacity'),
('b0000000-0000-0000-0000-000000000028', 'Dish Rack', 'Kitchen Appliance', 70.00, 'Double-layer stainless steel dish rack'),
('b0000000-0000-0000-0000-000000000029', 'Water Dispenser', 'Kitchen Appliance', 650.00, 'Hot and cold water dispenser'),
('b0000000-0000-0000-0000-000000000030', 'Pressure Cooker', 'Kitchen Appliance', 310.00, '6L electric pressure cooker');


-- 3. Populate Inventory (Using Product UUIDs b000...)
INSERT INTO inventory (product_id, quantity_on_hand, reorder_level) VALUES
('b0000000-0000-0000-0000-000000000001', 10, 5),  -- Laptop
('b0000000-0000-0000-0000-000000000002', 20, 10), -- Smartphone
('b0000000-0000-0000-0000-000000000003', 50, 15), -- Speaker
('b0000000-0000-0000-0000-000000000004', 30, 10), -- TV
('b0000000-0000-0000-0000-000000000005', 25, 5),  -- Microwave
('b0000000-0000-0000-0000-000000000006', 15, 5),  -- Refrigerator
('b0000000-0000-0000-0000-000000000007', 12, 5),  -- Washing Machine
('b0000000-0000-0000-0000-000000000008', 40, 10), -- Kettle
('b0000000-0000-0000-0000-000000000009', 8, 3),   -- AC
('b0000000-0000-0000-0000-000000000010', 35, 10), -- Fan
('b0000000-0000-0000-0000-000000000011', 20, 5),  -- Chair
('b0000000-0000-0000-0000-000000000012', 18, 5),  -- Desk
('b0000000-0000-0000-0000-000000000013', 10, 3),  -- Sofa
('b0000000-0000-0000-0000-000000000014', 6, 2),   -- Table
('b0000000-0000-0000-0000-000000000015', 14, 5),  -- Wardrobe
('b0000000-0000-0000-0000-000000000016', 22, 5),  -- Bed
('b0000000-0000-0000-0000-000000000017', 30, 10), -- Bookshelf
('b0000000-0000-0000-0000-000000000018', 25, 5),  -- TV Stand
('b0000000-0000-0000-0000-000000000019', 18, 5),  -- Cabinet
('b0000000-0000-0000-0000-000000000020', 50, 15), -- Mattress
('b0000000-0000-0000-0000-000000000021', 40, 10), -- Rice Cooker
('b0000000-0000-0000-0000-000000000022', 15, 5),  -- Gas Cooker
('b0000000-0000-0000-0000-000000000023', 60, 20), -- Blender
('b0000000-0000-0000-0000-000000000024', 45, 15), -- Toaster
('b0000000-0000-0000-0000-000000000025', 35, 10), -- Cookware
('b0000000-0000-0000-0000-000000000026', 25, 5),  -- Juicer
('b0000000-0000-0000-0000-000000000027', 12, 3),  -- Fryer
('b0000000-0000-0000-0000-000000000028', 30, 10), -- Dish Rack
('b0000000-0000-0000-0000-000000000029', 20, 5),  -- Water Dispenser
('b0000000-0000-0000-0000-000000000030', 18, 5);  -- Pressure Cooker


-- 4. Populate Orders (Prefix: c000...)
-- Linking Customer 1 (a...01) to Order 1 (c...01)
INSERT INTO orders (order_id, customer_id, order_date, total_amount, status, delivery_date, tracking_number) VALUES
('c0000000-0000-0000-0000-000000000001', 'a0000000-0000-0000-0000-000000000001', '2023-01-15 10:00:00', 1250.00, 'Delivered', '2023-01-18 14:00:00', 'TRK-1001'),
('c0000000-0000-0000-0000-000000000002', 'a0000000-0000-0000-0000-000000000001', '2023-02-10 14:30:00', 150.00, 'Shipped', NULL, 'TRK-1002'),
('c0000000-0000-0000-0000-000000000003', 'a0000000-0000-0000-0000-000000000002', '2023-01-20 09:15:00', 800.00, 'Delivered', '2023-01-22 10:00:00', 'TRK-2001'),
('c0000000-0000-0000-0000-000000000004', 'a0000000-0000-0000-0000-000000000003', '2023-03-05 11:00:00', 1200.00, 'Pending', NULL, NULL),
('c0000000-0000-0000-0000-000000000005', 'a0000000-0000-0000-0000-000000000004', '2023-01-25 16:45:00', 2500.00, 'Delivered', '2023-01-28 11:30:00', 'TRK-3001'),
('c0000000-0000-0000-0000-000000000006', 'a0000000-0000-0000-0000-000000000005', '2023-02-15 12:00:00', 60.00, 'Cancelled', NULL, NULL),
('c0000000-0000-0000-0000-000000000007', 'a0000000-0000-0000-0000-000000000006', '2023-03-10 09:30:00', 950.00, 'Delivered', '2023-03-13 15:00:00', 'TRK-4001'),
('c0000000-0000-0000-0000-000000000008', 'a0000000-0000-0000-0000-000000000007', '2023-04-01 13:45:00', 450.00, 'Shipped', NULL, 'TRK-5001'),
('c0000000-0000-0000-0000-000000000009', 'a0000000-0000-0000-0000-000000000008', '2023-04-12 10:20:00', 1300.00, 'Pending', NULL, NULL),
('c0000000-0000-0000-0000-000000000010', 'a0000000-0000-0000-0000-000000000009', '2023-04-15 15:00:00', 220.00, 'Delivered', '2023-04-17 12:30:00', 'TRK-6001'),
('c0000000-0000-0000-0000-000000000011', 'a0000000-0000-0000-0000-000000000010', '2023-05-01 11:15:00', 780.00, 'Delivered', '2023-05-04 16:00:00', 'TRK-7001'),
('c0000000-0000-0000-0000-000000000012', 'a0000000-0000-0000-0000-000000000011', '2023-05-08 14:00:00', 310.00, 'Shipped', NULL, 'TRK-8001'),
('c0000000-0000-0000-0000-000000000013', 'a0000000-0000-0000-0000-000000000012', '2023-05-15 09:50:00', 1200.00, 'Pending', NULL, NULL),
('c0000000-0000-0000-0000-000000000014', 'a0000000-0000-0000-0000-000000000013', '2023-05-20 16:20:00', 1800.00, 'Delivered', '2023-05-23 13:45:00', 'TRK-9001'),
('c0000000-0000-0000-0000-000000000015', 'a0000000-0000-0000-0000-000000000014', '2023-06-05 10:30:00', 250.00, 'Cancelled', NULL, NULL),
('c0000000-0000-0000-0000-000000000016', 'a0000000-0000-0000-0000-000000000015', '2023-06-10 12:45:00', 600.00, 'Delivered', '2023-06-12 15:00:00', 'TRK-10001'),
('c0000000-0000-0000-0000-000000000017', 'a0000000-0000-0000-0000-000000000016', '2023-06-15 11:10:00', 90.00, 'Shipped', NULL, 'TRK-11001'),
('c0000000-0000-0000-0000-000000000018', 'a0000000-0000-0000-0000-000000000017', '2023-06-20 14:35:00', 1400.00, 'Pending', NULL, NULL),
('c0000000-0000-0000-0000-000000000019', 'a0000000-0000-0000-0000-000000000018', '2023-07-01 09:05:00', 320.00, 'Delivered', '2023-07-03 10:30:00', 'TRK-12001'),
('c0000000-0000-0000-0000-000000000020', 'a0000000-0000-0000-0000-000000000019', '2023-07-05 16:45:00', 500.00, 'Delivered', '2023-07-08 13:00:00', 'TRK-13001'),
('c0000000-0000-0000-0000-000000000021', 'a0000000-0000-0000-0000-000000000020', '2023-07-10 10:25:00', 75.00, 'Cancelled', NULL, NULL),
('c0000000-0000-0000-0000-000000000022', 'a0000000-0000-0000-0000-000000000021', '2023-07-15 13:15:00', 2200.00, 'Shipped', NULL, 'TRK-14001'),
('c0000000-0000-0000-0000-000000000023', 'a0000000-0000-0000-0000-000000000022', '2023-07-20 09:40:00', 1100.00, 'Pending', NULL, NULL),
('c0000000-0000-0000-0000-000000000024', 'a0000000-0000-0000-0000-000000000023', '2023-07-25 15:30:00', 890.00, 'Delivered', '2023-07-28 11:15:00', 'TRK-15001'),
('c0000000-0000-0000-0000-000000000025', 'a0000000-0000-0000-0000-000000000024', '2023-08-01 12:00:00', 430.00, 'Shipped', NULL, 'TRK-16001');


-- 5. Populate Order Items
-- Linking Order 1 (c...01) and Product 1 (b...01)
INSERT INTO order_items (order_id, product_id, quantity, price_at_purchase, discount_amount) VALUES
('c0000000-0000-0000-0000-000000000001', 'b0000000-0000-0000-0000-000000000001', 1, 1200.00, 0.00), 
('c0000000-0000-0000-0000-000000000001', 'b0000000-0000-0000-0000-000000000004', 2, 25.00, 5.00),  
('c0000000-0000-0000-0000-000000000002', 'b0000000-0000-0000-0000-000000000003', 1, 150.00, 0.00), 
('c0000000-0000-0000-0000-000000000003', 'b0000000-0000-0000-0000-000000000002', 1, 800.00, 20.00),
('c0000000-0000-0000-0000-000000000004', 'b0000000-0000-0000-0000-000000000001', 1, 1200.00, 0.00), 
('c0000000-0000-0000-0000-000000000004', 'b0000000-0000-0000-0000-000000000002', 1, 800.00, 0.00), 
('c0000000-0000-0000-0000-000000000005', 'b0000000-0000-0000-0000-000000000005', 1, 60.00, 0.00),  
('c0000000-0000-0000-0000-000000000006', 'b0000000-0000-0000-0000-000000000006', 1, 950.00, 0.00), 
('c0000000-0000-0000-0000-000000000007', 'b0000000-0000-0000-0000-000000000007', 2, 450.00, 10.00),
('c0000000-0000-0000-0000-000000000008', 'b0000000-0000-0000-0000-000000000008', 1, 1300.00, 50.00),
('c0000000-0000-0000-0000-000000000009', 'b0000000-0000-0000-0000-000000000009', 3, 220.00, 15.00), 
('c0000000-0000-0000-0000-000000000010', 'b0000000-0000-0000-0000-000000000010', 1, 780.00, 0.00), 
('c0000000-0000-0000-0000-000000000011', 'b0000000-0000-0000-0000-000000000011', 2, 310.00, 20.00), 
('c0000000-0000-0000-0000-000000000012', 'b0000000-0000-0000-0000-000000000012', 1, 1200.00, 0.00), 
('c0000000-0000-0000-0000-000000000013', 'b0000000-0000-0000-0000-000000000013', 1, 1800.00, 100.00), 
('c0000000-0000-0000-0000-000000000014', 'b0000000-0000-0000-0000-000000000014', 1, 250.00, 0.00),  
('c0000000-0000-0000-0000-000000000015', 'b0000000-0000-0000-0000-000000000015', 1, 600.00, 50.00),  
('c0000000-0000-0000-0000-000000000016', 'b0000000-0000-0000-0000-000000000016', 1, 90.00, 0.00),    
('c0000000-0000-0000-0000-000000000017', 'b0000000-0000-0000-0000-000000000017', 2, 1400.00, 200.00), 
('c0000000-0000-0000-0000-000000000018', 'b0000000-0000-0000-0000-000000000018', 1, 320.00, 0.00),    
('c0000000-0000-0000-0000-000000000019', 'b0000000-0000-0000-0000-000000000019', 1, 500.00, 0.00),    
('c0000000-0000-0000-0000-000000000020', 'b0000000-0000-0000-0000-000000000020', 1, 75.00, 0.00),     
('c0000000-0000-0000-0000-000000000021', 'b0000000-0000-0000-0000-000000000021', 2, 2200.00, 100.00), 
('c0000000-0000-0000-0000-000000000022', 'b0000000-0000-0000-0000-000000000022', 1, 1100.00, 0.00),   
('c0000000-0000-0000-0000-000000000023', 'b0000000-0000-0000-0000-000000000023', 1, 890.00, 50.00),   
('c0000000-0000-0000-0000-000000000024', 'b0000000-0000-0000-0000-000000000024', 1, 430.00, 0.00),    
('c0000000-0000-0000-0000-000000000025', 'b0000000-0000-0000-0000-000000000025', 1, 650.00, 0.00);